maneuver_id,class
25705,1
25706,0
25707,0
25708,0
25709,0
25710,0
25711,0
25712,0
25713,0
25714,0
25715,0
25716,0
25717,0
25718,0
25719,0
25720,0
25721,0
25722,0
25723,1
25724,1
25725,1
25726,1
25727,1
25728,1
25729,0
25730,0
25731,0
25732,0
25733,0
25734,0
25735,0
25736,0
25737,0
25738,0
25739,0
25740,0
25741,0
25742,0
25743,0
25744,0
25745,0
25746,0
25747,0
25748,0
25749,0
25750,0
25751,0
25752,0
25753,0
25754,0
25755,0
25756,0
25757,0
25758,0
25759,0
25760,0
25761,0
25762,1
25763,1
25764,1
25765,1
25766,1
25767,1
25768,0
25769,0
25770,0
25771,0
25772,0
25773,0
25774,0
25775,0
25776,0
25777,0
25778,0
25779,0
25780,0
25781,0
25782,0
25783,0
25784,0
25785,1
25786,1
25787,1
25788,1
25789,1
25790,1
25791,1
25792,1
25793,1
25794,0
25795,0
25796,0
25797,0
25798,0
25799,0
25800,0
25801,0
25802,0
25803,0
25804,0
25805,2
25806,2
25807,2
25808,2
25809,0
25810,0
25811,0
25812,0
25813,0
25814,0
25815,0
25816,2
25817,2
25818,0
25819,0
25820,0
25821,0
25822,0
25823,1
25824,1
25825,1
25826,2
25827,2
25828,2
25829,0
25830,0
25831,0
25832,0
25833,0
25834,0
25835,0
25836,0
25837,0
25838,0
25839,0
25840,0
25841,0
25842,0
25843,0
25844,0
25845,0
25846,0
25847,0
25848,0
25849,0
25850,0
25851,2
25852,2
25853,2
25854,2
25855,0
25856,0
25857,0
25858,0
25859,0
25860,0
25861,0
25862,0
25863,0
25864,0
25865,0
25866,0
25867,0
25868,0
25869,0
25870,0
25871,0
25872,0
25873,0
25874,0
25875,0
25876,0
25877,0
25878,0
25879,0
25880,0
25881,0
25882,0
25883,2
25884,2
25885,0
25886,0
25887,0
25888,0
25889,0
25890,0
25891,0
25892,0
25893,0
25894,0
25895,0
25896,0
25897,0
25898,0
25899,0
25900,0
25901,0
25902,0
25903,0
25904,0
25905,1
25906,1
25907,1
25908,1
25909,1
25910,1
25911,0
25912,0
25913,0
25914,0
25915,0
25916,0
25917,0
25918,0
25919,0
25920,0
25921,0
25922,0
25923,0
25924,0
25925,0
25926,1
25927,1
25928,1
25929,1
25930,1
25931,0
25932,0
25933,0
25934,0
25935,0
25936,2
25937,2
25938,2
25939,0
25940,0
25941,0
25942,0
25943,0
25944,0
25945,0
25946,0
25947,0
25948,0
25949,0
25950,1
25951,1
25952,1
25953,1
25954,1
25955,0
25956,0
25957,0
25958,0
25959,0
25960,0
25961,1
25962,1
25963,1
25964,1
25965,0
25966,0
25967,0
25968,0
25969,0
25970,1
25971,1
25972,1
25973,1
25974,1
25975,1
25976,1
25977,1
25978,1
25979,0
25980,0
25981,0
25982,1
25983,1
25984,1
25985,0
25986,0
25987,0
25988,0
25989,0
25990,1
25991,1
25992,1
25993,1
25994,0
25995,0
25996,0
25997,0
25998,0
25999,0
26000,0
26001,0
26002,0
26003,0
26004,0
26005,0
26006,0
26007,2
26008,2
26009,2
26010,2
26011,0
26012,0
26013,0
26014,0
26015,0
26016,1
26017,1
26018,1
26019,1
26020,1
26021,1
26022,1
26023,1
26024,1
26025,1
26026,1
26027,0
26028,0
26029,0
26030,0
26031,0
26032,0
26033,0
26034,0
26035,0
26036,0
26037,0
26038,0
26039,0
26040,0
26041,0
26042,0
26043,0
26044,0
26045,0
26046,0
26047,0
26048,1
26049,1
26050,1
26051,1
26052,1
26053,1
26054,0
26055,0
26056,0
26057,1
26058,1
26059,1
26060,1
26061,1
26062,1
26063,2
26064,2
26065,2
26066,0
26067,0
26068,0
26069,0
26070,0
26071,1
26072,1
26073,1
26074,1
26075,1
26076,1
26077,0
26078,0
26079,0
26080,0
26081,0
26082,0
26083,0
26084,0
26085,1
26086,1
26087,1
26088,1
26089,0
26090,0
26091,0
26092,0
26093,0
26094,0
26095,0
26096,0
26097,0
26098,0
26099,0
26100,0
26101,0
26102,2
26103,2
26104,1
26105,1
26106,1
26107,1
26108,1
26109,2
26110,2
26111,2
26112,2
26113,0
26114,0
26115,0
26116,0
26117,0
26118,0
26119,0
26120,2
26121,2
26122,2
26123,0
26124,0
26125,0
26126,0
26127,1
26128,1
26129,1
26130,1
26131,1
26132,1
26133,0
26134,0
26135,0
26136,0
26137,0
26138,0
26139,0
26140,0
26141,0
26142,0
26143,0
26144,0
26145,0
26146,0
26147,0
26148,0
26149,1
26150,1
26151,1
26152,1
26153,1
26154,1
26155,1
26156,1
26157,1
26158,1
26159,2
26160,2
26161,2
26162,0
26163,0
26164,0
26165,0
26166,0
26167,0
26168,0
26169,0
26170,0
26171,0
26172,0
26173,0
26174,0
26175,0
26176,0
26177,0
26178,0
26179,0
26180,0
26181,0
26182,0
26183,1
26184,1
26185,1
26186,1
26187,1
26188,1
26189,0
26190,0
26191,0
26192,1
26193,1
26194,1
26195,1
26196,1
26197,0
26198,0
26199,0
26200,0
26201,0
26202,0
26203,0
26204,0
26205,0
26206,0
26207,0
26208,0
26209,0
26210,0
26211,0
26212,0
26213,0
26214,0
26215,0
26216,0
26217,0
26218,0
26219,1
26220,1
26221,1
26222,1
26223,1
26224,1
26225,1
26226,1
26227,1
26228,1
26229,0
26230,0
26231,0
26232,0
26233,0
26234,0
26235,0
26236,0
26237,0
26238,0
26239,0
26240,0
26241,0
26242,0
26243,0
26244,0
26245,0
26246,0
26247,0
26248,0
26249,0
26250,0
26251,0
26252,0
26253,0
26254,0
26255,0
26256,2
26257,2
26258,0
26259,0
26260,0
26261,0
26262,0
26263,0
26264,0
26265,0
26266,2
26267,2
26268,2
26269,2
26270,1
26271,1
26272,1
26273,1
26274,0
26275,0
26276,0
26277,0
26278,0
26279,0
26280,0
26281,0
26282,0
26283,0
26284,0
26285,0
26286,0
26287,0
26288,0
26289,0
26290,0
26291,0
26292,0
26293,0
26294,0
26295,0
26296,0
26297,0
26298,0
26299,0
26300,0
26301,0
26302,0
26303,0
26304,0
26305,0
26306,0
26307,0
26308,0
26309,2
26310,2
26311,0
26312,0
26313,0
26314,0
26315,0
26316,0
26317,0
26318,0
26319,0
26320,0
26321,0
26322,0
26323,0
26324,1
26325,1
26326,1
26327,1
26328,0
26329,0
26330,0
26331,0
26332,0
26333,0
26334,0
26335,0
26336,0
26337,0
26338,2
26339,2
26340,2
26341,2
26342,0
26343,0
26344,0
26345,0
26346,0
26347,0
26348,0
26349,0
26350,0
26351,0
26352,0
26353,0
26354,0
26355,0
26356,0
26357,0
26358,0
26359,0
26360,0
26361,1
26362,1
26363,1
26364,1
26365,1
26366,0
26367,0
26368,0
26369,0
26370,0
26371,0
26372,0
26373,0
26374,0
26375,0
26376,0
26377,0
26378,0
26379,0
26380,0
26381,0
26382,0
26383,0
26384,0
26385,0
26386,0
26387,0
26388,0
26389,0
26390,0
26391,0
26392,0
26393,0
26394,0
26395,0
26396,0
26397,0
26398,0
26399,0
26400,0
26401,0
26402,0
26403,0
26404,0
26405,0
26406,1
26407,1
26408,1
26409,1
26410,1
26411,1
26412,0
26413,0
26414,0
26415,0
26416,0
26417,0
26418,0
26419,1
26420,1
26421,1
26422,1
26423,1
26424,0
26425,0
26426,0
26427,1
26428,1
26429,1
26430,1
26431,1
26432,1
26433,1
26434,1
26435,1
26436,0
26437,0
26438,0
26439,0
26440,0
26441,0
26442,0
26443,0
26444,0
26445,0
26446,0
26447,0
26448,0
26449,0
26450,0
26451,0
26452,0
26453,0
26454,0
26455,0
26456,0
26457,0
26458,0
26459,0
26460,0
26461,0
26462,0
26463,0
26464,0
26465,0
26466,1
26467,1
26468,1
26469,1
26470,1
26471,1
26472,0
26473,0
26474,0
26475,0
26476,0
26477,0
26478,0
26479,0
26480,0
26481,0
26482,0
26483,0
26484,0
26485,0
26486,0
26487,0
26488,0
26489,0
26490,0
26491,0
26492,0
26493,0
26494,0
26495,0
26496,0
26497,0
26498,0
26499,0
26500,0
26501,0
26502,0
26503,0
26504,0
26505,0
26506,0
26507,0
26508,0
26509,0
26510,0
26511,0
26512,0
26513,0
26514,0
26515,0
26516,0
26517,0
26518,0
26519,0
26520,0
26521,0
26522,0
26523,0
26524,0
26525,0
26526,0
26527,0
26528,0
26529,0
26530,0
26531,0
26532,0
26533,0
26534,0
26535,0
26536,0
26537,0
26538,0
26539,0
26540,0
26541,1
26542,1
26543,1
26544,1
26545,1
26546,1
26547,0
26548,0
26549,0
26550,0
26551,0
26552,0
26553,0
26554,2
26555,2
26556,2
26557,2
26558,0
26559,0
26560,0
26561,0
26562,2
26563,2
26564,2
26565,2
26566,0
26567,0
26568,0
26569,0
26570,0
26571,0
26572,0
26573,0
26574,0
26575,0
26576,0
26577,0
26578,0
26579,0
26580,0
26581,1
26582,1
26583,1
26584,1
26585,0
26586,0
26587,0
26588,0
26589,0
26590,0
26591,0
26592,0
26593,1
26594,1
26595,1
26596,1
26597,0
26598,0
26599,0
26600,0
26601,0
26602,0
26603,0
26604,0
26605,0
26606,0
26607,2
26608,2
26609,2
26610,2
26611,2
26612,2
26613,2
26614,0
26615,0
26616,0
26617,0
26618,0
26619,0
26620,0
26621,0
26622,0
26623,0
26624,0
26625,0
26626,0
26627,0
26628,0
26629,0
26630,0
26631,0
26632,0
26633,0
26634,0
26635,0
26636,0
26637,0
26638,1
26639,1
26640,1
26641,1
26642,1
26643,1
26644,1
26645,1
26646,1
26647,2
26648,2
26649,0
26650,0
26651,0
26652,0
26653,0
26654,2
26655,2
26656,2
26657,2
26658,2
26659,0
26660,0
26661,0
26662,0
26663,0
26664,0
26665,0
26666,0
26667,0
26668,0
26669,0
26670,0
26671,0
26672,0
26673,0
26674,0
26675,0
26676,0
26677,0
26678,0
26679,0
26680,0
26681,0
26682,0
26683,1
26684,1
26685,1
26686,1
26687,1
26688,1
26689,1
26690,1
26691,1
26692,1
26693,0
26694,0
26695,0
26696,1
26697,1
26698,1
26699,1
26700,1
26701,2
26702,2
26703,2
26704,2
26705,0
26706,0
26707,0
26708,0
26709,0
26710,0
26711,0
26712,0
26713,2
26714,2
26715,2
26716,2
26717,0
26718,0
26719,0
26720,0
26721,0
26722,0
26723,0
26724,0
26725,0
26726,2
26727,2
26728,0
26729,0
26730,0
26731,0
26732,1
26733,1
26734,1
26735,1
26736,0
26737,0
26738,0
26739,0
26740,0
26741,0
26742,0
26743,0
26744,0
26745,0
26746,0
26747,0
26748,0
26749,0
26750,0
26751,0
26752,0
26753,1
26754,1
26755,1
26756,1
26757,1
26758,1
26759,0
26760,0
26761,0
26762,0
26763,0
26764,0
26765,0
26766,0
26767,0
26768,2
26769,2
26770,2
26771,2
26772,0
26773,0
26774,0
26775,0
26776,0
26777,0
26778,0
26779,0
26780,0
26781,0
26782,0
26783,0
26784,0
26785,0
26786,0
26787,0
26788,0
26789,0
26790,0
26791,0
26792,0
26793,0
26794,0
26795,0
26796,0
26797,0
26798,0
26799,0
26800,0
26801,0
26802,0
26803,0
26804,1
26805,1
26806,1
26807,1
26808,1
26809,1
26810,1
26811,1
26812,0
26813,0
26814,0
26815,0
26816,0
26817,1
26818,1
26819,1
26820,1
26821,1
26822,1
26823,2
26824,2
26825,0
26826,0
26827,0
26828,0
26829,0
26830,0
26831,0
26832,0
26833,0
26834,0
26835,0
26836,0
26837,0
26838,0
26839,0
26840,0
26841,0
26842,0
26843,0
26844,0
26845,0
26846,0
26847,0
26848,0
26849,0
26850,1
26851,1
26852,1
26853,1
26854,1
26855,1
26856,1
26857,1
26858,1
26859,1
26860,0
26861,0
26862,0
26863,0
26864,0
26865,0
26866,0
26867,0
26868,0
26869,0
26870,1
26871,1
26872,1
26873,1
26874,1
26875,1
26876,0
26877,0
26878,0
26879,0
26880,0
26881,0
26882,0
26883,0
26884,0
26885,0
26886,0
26887,0
26888,0
26889,0
26890,0
26891,0
26892,0
26893,0
26894,0
26895,0
26896,0
26897,0
26898,0
26899,2
26900,2
26901,0
26902,0
26903,0
26904,0
26905,0
26906,0
26907,0
26908,0
26909,0
26910,0
26911,0
26912,0
26913,0
26914,0
26915,0
26916,0
26917,0
26918,0
26919,0
26920,0
26921,0
26922,0
26923,0
26924,0
26925,0
26926,1
26927,1
26928,1
26929,1
26930,1
26931,1
26932,1
26933,1
26934,1
26935,1
26936,0
26937,0
26938,0
26939,0
26940,0
26941,0
26942,0
26943,0
26944,0
26945,0
26946,0
26947,0
26948,0
26949,0
26950,0
26951,0
26952,0
26953,0
26954,0
26955,0
26956,1
26957,1
26958,1
26959,1
26960,1
26961,0
26962,0
26963,0
26964,0
26965,2
26966,2
26967,2
26968,2
26969,2
26970,2
26971,2
26972,2
26973,0
26974,0
26975,0
26976,1
26977,1
26978,1
26979,1
26980,1
26981,0
26982,0
26983,0
26984,0
26985,0
26986,0
26987,0
26988,0
26989,0
26990,0
26991,0
26992,0
26993,0
26994,0
26995,0
26996,1
26997,1
26998,1
26999,1
27000,0
27001,0
27002,0
27003,0
27004,0
27005,0
27006,0
27007,0
27008,0
27009,0
27010,0
27011,0
27012,0
27013,0
27014,0
27015,0
27016,1
27017,1
27018,1
27019,1
27020,1
27021,0
27022,0
27023,0
27024,0
27025,1
27026,1
27027,1
27028,1
27029,1
27030,0
27031,0
27032,0
27033,1
27034,1
27035,1
27036,1
27037,1
27038,0
27039,0
27040,0
27041,0
27042,0
27043,0
27044,0
27045,0
27046,0
27047,0
27048,0
27049,0
27050,0
27051,0
27052,0
27053,0
27054,0
27055,0
27056,0
27057,0
27058,0
27059,0
27060,0
27061,0
27062,0
27063,0
27064,0
27065,0
27066,0
27067,0
27068,0
27069,0
27070,0
27071,2
27072,2
27073,2
27074,1
27075,1
27076,1
27077,1
27078,1
27079,0
27080,0
27081,0
27082,0
27083,0
27084,0
27085,0
27086,0
27087,0
27088,0
27089,0
27090,0
27091,0
27092,0
27093,0
27094,0
27095,2
27096,2
27097,2
27098,2
27099,0
27100,0
27101,0
27102,0
27103,0
27104,0
27105,0
27106,0
27107,0
27108,0
27109,0
27110,0
27111,0
27112,0
27113,0
27114,0
27115,0
27116,0
27117,0
27118,0
27119,0
27120,0
27121,1
27122,1
27123,1
27124,1
27125,1
27126,0
27127,0
27128,0
27129,1
27130,1
27131,1
27132,1
27133,1
27134,0
27135,0
27136,0
27137,0
27138,0
27139,1
27140,1
27141,1
27142,1
27143,0
27144,0
27145,0
27146,0
27147,0
27148,0
27149,0
27150,0
27151,0
27152,0
27153,0
27154,0
27155,0
27156,0
27157,0
27158,1
27159,1
27160,1
27161,1
27162,1
27163,1
27164,0
27165,0
27166,0
27167,0
27168,0
27169,1
27170,1
27171,1
27172,1
27173,1
27174,1
27175,1
27176,1
27177,0
27178,0
27179,0
27180,0
27181,0
27182,0
27183,0
27184,0
27185,0
27186,0
27187,0
27188,0
27189,0
27190,0
27191,2
27192,2
27193,2
27194,2
27195,0
27196,0
27197,0
27198,0
27199,1
27200,1
27201,1
27202,1
27203,1
27204,1
27205,1
27206,1
27207,0
27208,0
27209,0
27210,0
27211,0
27212,0
27213,0
27214,0
27215,0
27216,0
27217,0
27218,0
27219,0
27220,0
27221,0
27222,0
27223,0
27224,1
27225,1
27226,1
27227,1
27228,1
27229,1
27230,2
27231,2
27232,2
27233,2
27234,0
27235,0
27236,0
27237,0
27238,0
27239,0
27240,0
27241,0
27242,0
27243,0
27244,0
27245,2
27246,2
27247,2
27248,2
27249,2
27250,2
27251,1
27252,1
27253,1
27254,1
27255,0
27256,0
27257,0
27258,0
27259,0
27260,1
27261,1
27262,1
27263,1
27264,0
27265,0
27266,0
27267,2
27268,2
27269,0
27270,0
27271,0
27272,0
27273,0
27274,0
27275,0
27276,1
27277,1
27278,1
27279,1
27280,1
27281,0
27282,0
27283,0
27284,0
27285,0
27286,0
27287,0
27288,0
27289,0
27290,0
27291,0
27292,0
27293,0
27294,0
27295,0
27296,0
27297,0
27298,0
27299,0
27300,1
27301,1
27302,1
27303,1
27304,1
27305,0
27306,0
27307,0
27308,0
27309,0
27310,0
27311,0
27312,0
27313,0
27314,0
27315,0
27316,0
27317,0
27318,0
27319,0
27320,0
27321,0
27322,0
27323,0
27324,0
27325,0
27326,2
27327,2
27328,2
27329,2
27330,1
27331,1
27332,1
27333,1
27334,1
27335,2
27336,2
27337,2
27338,0
27339,0
27340,0
27341,1
27342,1
27343,1
27344,1
27345,1
27346,1
27347,1
27348,1
27349,1
27350,1
27351,1
27352,2
27353,2
27354,2
27355,2
27356,1
27357,1
27358,1
27359,1
27360,1
27361,1
27362,0
27363,0
27364,0
27365,0
27366,0
27367,1
27368,1
27369,1
27370,1
27371,1
27372,1
27373,0
27374,0
27375,0
27376,0
27377,0
27378,1
27379,1
27380,1
27381,0
27382,0
27383,0
27384,0
27385,0
27386,0
27387,0
27388,0
27389,0
27390,0
27391,0
27392,0
27393,0
27394,0
27395,0
27396,0
27397,0
27398,0
27399,0
27400,0
27401,0
27402,0
27403,0
27404,0
27405,0
27406,0
27407,0
27408,0
27409,0
27410,0
27411,2
27412,2
27413,0
27414,0
27415,0
27416,0
27417,0
27418,0
27419,0
27420,0
27421,2
27422,2
27423,0
27424,0
27425,0
27426,1
27427,1
27428,1
27429,1
27430,1
27431,1
27432,0
27433,0
27434,0
27435,0
27436,0
27437,0
27438,0
27439,0
27440,0
27441,0
27442,0
27443,0
27444,1
27445,1
27446,1
27447,1
27448,1
27449,1
27450,1
27451,1
27452,1
27453,1
27454,0
27455,0
27456,0
27457,0
27458,0
27459,0
27460,0
27461,0
27462,0
27463,0
27464,0
27465,0
27466,0
27467,0
27468,0
27469,0
27470,1
27471,1
27472,1
27473,1
27474,1
27475,0
27476,0
27477,0
27478,1
27479,1
27480,1
27481,1
27482,1
27483,1
27484,1
27485,1
27486,1
27487,1
27488,1
27489,1
27490,0
27491,0
27492,0
27493,0
27494,0
27495,0
27496,0
27497,0
27498,0
27499,1
27500,1
27501,1
27502,1
27503,0
27504,0
27505,0
27506,0
27507,0
27508,0
27509,0
27510,0
27511,0
27512,0
27513,0
27514,0
27515,0
27516,0
27517,0
27518,0
27519,0
27520,1
27521,1
27522,1
27523,1
27524,1
27525,1
27526,1
27527,1
27528,1
27529,1
27530,1
27531,0
27532,0
27533,0
27534,0
27535,0
27536,0
27537,0
27538,0
27539,0
27540,0
27541,0
27542,0
27543,0
27544,0
27545,0
27546,0
27547,2
27548,2
27549,2
27550,2
27551,0
27552,0
27553,0
27554,0
27555,0
27556,0
27557,0
27558,0
27559,0
27560,0
27561,0
27562,0
27563,0
27564,0
27565,0
27566,0
27567,1
27568,1
27569,1
27570,1
27571,1
27572,0
27573,0
27574,0
27575,0
27576,0
27577,0
27578,0
27579,0
27580,0
27581,0
27582,0
27583,0
27584,2
27585,2
27586,0
27587,0
27588,0
27589,0
27590,0
27591,0
27592,0
27593,0
27594,0
27595,0
27596,1
27597,1
27598,1
27599,1
27600,1
27601,0
27602,0
27603,0
27604,0
27605,0
27606,0
27607,0
27608,0
27609,0
27610,0
27611,0
27612,0
27613,0
27614,0
27615,0
27616,0
27617,0
27618,0
27619,0
27620,0
27621,0
27622,0
27623,0
27624,0
27625,0
27626,0
27627,0
27628,0
27629,0
27630,0
27631,0
27632,0
27633,0
27634,0
27635,0
27636,0
27637,0
27638,0
27639,0
27640,0
27641,0
27642,0
27643,0
27644,0
27645,0
27646,0
27647,0
27648,0
27649,0
27650,0
27651,0
27652,0
27653,0
27654,0
27655,0
27656,0
27657,0
27658,0
27659,0
27660,0
27661,0
27662,0
27663,0
27664,0
27665,1
27666,1
27667,1
27668,1
27669,1
27670,0
27671,0
27672,0
27673,0
27674,0
27675,0
27676,0
27677,0
27678,0
27679,0
27680,0
27681,0
27682,0
27683,0
27684,0
27685,0
27686,1
27687,1
27688,1
27689,1
27690,0
27691,0
27692,0
27693,0
27694,0
27695,0
27696,0
27697,0
27698,0
27699,0
27700,1
27701,1
27702,1
27703,1
27704,0
27705,0
27706,0
27707,0
27708,0
27709,0
27710,0
27711,0
27712,0
27713,0
27714,0
27715,0
27716,0
27717,0
27718,0
27719,1
27720,1
27721,1
27722,1
27723,1
27724,1
27725,1
27726,1
27727,1
27728,1
27729,1
27730,0
27731,0
27732,0
27733,0
27734,1
27735,1
27736,1
27737,1
27738,1
27739,1
27740,1
27741,1
27742,0
27743,0
27744,0
27745,0
27746,0
27747,0
27748,0
27749,0
27750,0
27751,0
27752,0
27753,0
27754,0
27755,0
27756,0
27757,0
27758,0
27759,0
27760,0
27761,0
27762,0
27763,0
27764,0
27765,0
27766,0
27767,1
27768,1
27769,1
27770,1
27771,0
27772,0
27773,0
27774,0
27775,0
27776,0
27777,0
27778,0
27779,0
27780,0
27781,0
27782,0
27783,0
27784,0
27785,0
27786,0
27787,0
27788,0
27789,0
27790,0
27791,0
27792,0
27793,0
27794,0
27795,0
27796,0
27797,1
27798,1
27799,1
27800,1
27801,0
27802,0
27803,0
27804,0
27805,0
27806,1
27807,1
27808,1
27809,1
27810,1
27811,1
27812,1
27813,1
27814,1
27815,1
27816,0
27817,0
27818,0
27819,0
27820,0
27821,1
27822,1
27823,1
27824,1
27825,1
27826,1
27827,2
27828,2
27829,2
27830,2
27831,2
27832,2
27833,2
27834,2
27835,2
27836,0
27837,0
27838,0
27839,0
27840,0
27841,1
27842,1
27843,1
27844,1
27845,2
27846,2
27847,1
27848,1
27849,1
27850,1
27851,0
27852,0
27853,0
27854,0
27855,0
27856,0
27857,0
27858,0
27859,0
27860,0
27861,0
27862,0
27863,0
27864,0
27865,0
27866,0
27867,0
27868,0
27869,0
27870,0
27871,0
27872,0
27873,0
27874,0
27875,0
27876,1
27877,1
27878,1
27879,1
27880,1
27881,0
27882,0
27883,0
27884,0
27885,0
27886,0
27887,0
27888,0
27889,0
27890,0
27891,0
27892,0
27893,0
27894,0
27895,0
27896,0
27897,0
27898,1
27899,1
27900,1
27901,1
27902,1
27903,0
27904,0
27905,0
27906,0
27907,0
27908,0
27909,0
27910,1
27911,1
27912,1
27913,1
27914,1
27915,1
27916,1
27917,0
27918,0
27919,0
27920,0
27921,0
27922,0
27923,0
27924,0
27925,1
27926,1
27927,1
27928,1
27929,2
27930,2
27931,2
27932,1
27933,1
27934,1
27935,1
27936,1
27937,1
27938,0
27939,0
27940,0
27941,1
27942,1
27943,1
27944,1
27945,1
27946,1
27947,0
27948,0
27949,0
27950,0
27951,0
27952,0
27953,0
27954,0
27955,0
27956,0
27957,0
27958,0
27959,0
27960,0
27961,0
27962,0
27963,0
27964,0
27965,0
27966,1
27967,1
27968,1
27969,1
27970,1
27971,1
27972,0
27973,0
27974,0
27975,0
27976,1
27977,1
27978,1
27979,1
27980,1
27981,1
27982,0
27983,0
27984,0
27985,2
27986,2
27987,0
27988,0
27989,0
27990,1
27991,1
27992,1
27993,1
27994,1
27995,1
27996,0
27997,0
27998,0
27999,0
28000,0
28001,0
28002,0
28003,0
28004,0
28005,1
28006,1
28007,1
28008,1
28009,1
28010,1
28011,1
28012,1
28013,1
28014,1
28015,1
28016,1
28017,1
28018,1
28019,1
28020,0
28021,0
28022,0
28023,0
28024,0
28025,0
28026,0
28027,0
28028,0
28029,0
28030,0
28031,0
28032,0
28033,0
28034,0
28035,0
28036,0
28037,0
28038,0
28039,0
28040,0
28041,0
28042,0
28043,0
28044,0
28045,0
28046,0
28047,1
28048,1
28049,1
28050,1
28051,1
28052,2
28053,2
28054,2
28055,1
28056,1
28057,1
28058,1
28059,0
28060,0
28061,0
28062,0
28063,1
28064,1
28065,1
28066,1
28067,1
28068,1
28069,1
28070,1
28071,1
28072,0
28073,0
28074,0
28075,0
28076,2
28077,2
28078,2
28079,2
28080,0
28081,0
28082,0
28083,0
28084,0
28085,0
28086,0
28087,0
28088,0
28089,0
28090,0
28091,0
28092,2
28093,2
28094,2
28095,0
28096,0
28097,0
28098,0
28099,0
28100,0
28101,2
28102,2
28103,2
28104,2
28105,0
28106,0
28107,0
28108,1
28109,1
28110,1
28111,1
28112,1
28113,1
28114,1
28115,1
28116,1
28117,1
28118,1
28119,1
28120,0
28121,0
28122,0
28123,0
28124,0
28125,0
28126,0
28127,0
28128,0
28129,0
28130,0
28131,0
28132,0
28133,0
28134,0
28135,1
28136,1
28137,1
28138,1
28139,0
28140,0
28141,0
28142,0
28143,1
28144,1
28145,1
28146,1
28147,1
28148,0
28149,0
28150,0
28151,0
28152,0
28153,0
28154,0
28155,0
28156,0
28157,1
28158,1
28159,1
28160,1
28161,1
28162,1
28163,0
28164,0
28165,0
28166,0
28167,0
28168,0
28169,0
28170,0
28171,0
28172,0
28173,0
28174,0
28175,2
28176,2
28177,0
28178,0
28179,0
28180,0
28181,1
28182,1
28183,1
28184,1
28185,1
28186,1
28187,1
28188,1
28189,1
28190,1
28191,2
28192,2
28193,2
28194,1
28195,1
28196,1
28197,1
28198,1
28199,1
28200,1
28201,1
28202,1
28203,1
28204,0
28205,0
28206,0
28207,0
28208,0
28209,0
28210,0
28211,0
28212,0
28213,1
28214,1
28215,1
28216,1
28217,1
28218,1
28219,1
28220,1
28221,1
28222,1
28223,1
28224,1
28225,1
28226,1
28227,1
28228,0
28229,0
28230,0
28231,2
28232,2
28233,2
28234,0
28235,0
28236,0
28237,1
28238,1
28239,1
28240,1
28241,0
28242,0
28243,0
28244,0
28245,0
28246,0
28247,0
28248,0
28249,2
28250,2
28251,2
28252,0
28253,0
28254,0
28255,0
28256,0
28257,0
28258,0
28259,0
28260,0
28261,0
28262,0
28263,0
28264,0
28265,0
28266,0
28267,0
28268,0
28269,0
28270,0
28271,0
28272,0
28273,0
28274,0
28275,0
28276,0
28277,0
28278,0
28279,0
28280,0
28281,0
28282,0
28283,0
28284,0
28285,0
28286,0
28287,0
28288,0
28289,0
28290,0
28291,0
28292,0
28293,0
28294,0
28295,0
28296,0
28297,0
28298,0
28299,0
28300,0
28301,0
28302,0
28303,0
28304,0
28305,0
28306,0
28307,0
28308,0
28309,0
28310,0
28311,0
28312,0
28313,0
28314,0
28315,0
28316,0
28317,0
28318,0
28319,1
28320,1
28321,1
28322,1
28323,1
28324,0
28325,0
28326,0
28327,0
28328,0
28329,0
28330,0
28331,0
28332,0
28333,0
28334,0
28335,0
28336,1
28337,1
28338,1
28339,1
28340,0
28341,0
28342,0
28343,1
28344,1
28345,1
28346,1
28347,0
28348,0
28349,0
28350,0
28351,0
28352,0
28353,0
28354,0
28355,0
28356,0
28357,0
28358,0
28359,0
28360,0
28361,0
28362,0
28363,0
28364,0
28365,0
28366,0
28367,0
28368,0
28369,0
28370,0
28371,0
28372,0
28373,0
28374,0
28375,0
28376,0
28377,0
28378,1
28379,1
28380,1
28381,1
28382,0
28383,0
28384,0
28385,0
28386,0
28387,0
28388,0
28389,0
28390,0
28391,0
28392,0
28393,0
28394,0
28395,0
28396,0
28397,0
28398,0
28399,0
28400,0
28401,0
28402,0
28403,0
28404,0
28405,0
28406,0
28407,0
28408,0
28409,0
28410,0
28411,0
28412,0
28413,0
28414,1
28415,1
28416,1
28417,1
28418,1
28419,1
28420,0
28421,0
28422,0
28423,0
28424,0
28425,0
28426,0
28427,0
28428,0
28429,0
28430,0
28431,0
28432,1
28433,1
28434,1
28435,1
28436,1
28437,1
28438,0
28439,0
28440,0
28441,1
28442,1
28443,1
28444,1
28445,1
28446,0
28447,0
28448,0
28449,0
28450,0
28451,0
28452,0
28453,0
28454,0
28455,0
28456,0
28457,0
28458,0
28459,0
28460,0
28461,0
28462,0
28463,0
28464,0
28465,1
28466,1
28467,1
28468,1
28469,0
28470,0
28471,0
28472,1
28473,1
28474,1
28475,1
28476,1
28477,0
28478,0
28479,0
28480,0
28481,0
28482,0
28483,0
28484,0
28485,0
28486,0
28487,0
28488,0
28489,0
28490,0
28491,1
28492,1
28493,1
28494,1
28495,0
28496,0
28497,0
28498,0
28499,0
28500,1
28501,1
28502,1
28503,1
28504,1
28505,0
28506,0
28507,0
28508,0
28509,0
28510,0
28511,0
28512,0
28513,0
28514,0
28515,0
28516,0
28517,0
28518,0
28519,0
28520,0
28521,0
28522,0
28523,0
28524,0
28525,0
28526,0
28527,0
28528,0
28529,0
28530,0
28531,0
28532,0
28533,0
28534,0
28535,0
28536,0
28537,0
28538,0
28539,0
28540,0
28541,0
28542,0
28543,0
28544,1
28545,1
28546,1
28547,1
28548,2
28549,2
28550,2
28551,2
28552,0
28553,0
28554,0
28555,0
28556,0
28557,0
28558,0
28559,0
28560,0
28561,0
28562,0
28563,1
28564,1
28565,1
28566,1
28567,1
28568,1
28569,0
28570,0
28571,0
28572,0
28573,0
28574,2
28575,2
28576,1
28577,1
28578,1
28579,1
28580,1
28581,1
28582,0
28583,0
28584,0
28585,0
28586,0
28587,0
28588,0
28589,2
28590,2
28591,1
28592,1
28593,1
28594,1
28595,1
28596,1
28597,1
28598,1
28599,1
28600,0
28601,0
28602,0
28603,0
28604,0
28605,0
28606,0
28607,0
28608,0
28609,0
28610,0
28611,2
28612,2
28613,0
28614,0
28615,0
28616,0
28617,0
28618,0
28619,0
28620,0
28621,0
28622,0
28623,0
28624,0
28625,0
28626,0
28627,0
28628,0
28629,0
28630,0
28631,0
28632,0
28633,0
28634,0
28635,0
28636,0
28637,0
28638,0
28639,0
28640,0
28641,0
28642,0
28643,0
28644,0
28645,0
28646,0
28647,0
28648,0
28649,0
28650,0
28651,0
28652,0
28653,0
28654,0
28655,0
28656,0
28657,0
28658,2
28659,2
28660,2
28661,2
28662,2
28663,1
28664,1
28665,1
28666,1
28667,0
28668,0
28669,0
28670,1
28671,1
28672,1
28673,1
28674,1
28675,1
28676,1
28677,1
28678,1
28679,1
28680,0
28681,0
28682,0
28683,0
28684,0
28685,0
28686,0
28687,0
28688,0
28689,0
28690,0
28691,0
28692,0
28693,0
28694,0
28695,0
28696,0
28697,2
28698,2
28699,2
28700,0
28701,0
28702,0
28703,0
28704,1
28705,1
28706,1
28707,1
28708,1
28709,1
28710,0
28711,0
28712,0
28713,0
28714,0
28715,0
28716,0
28717,0
28718,0
28719,0
28720,0
28721,0
28722,0
28723,0
28724,0
28725,0
28726,0
28727,0
28728,0
28729,0
28730,0
28731,0
28732,0
28733,0
28734,0
28735,0
28736,0
28737,0
28738,0
28739,0
28740,0
28741,1
28742,1
28743,1
28744,1
28745,1
28746,2
28747,2
28748,2
28749,1
28750,1
28751,1
28752,1
28753,0
28754,0
28755,0
28756,0
28757,0
28758,0
28759,0
28760,0
28761,0
28762,0
28763,0
28764,0
28765,0
28766,0
28767,0
28768,0
28769,1
28770,1
28771,1
28772,1
28773,0
28774,0
28775,0
28776,0
28777,0
28778,1
28779,1
28780,1
28781,1
28782,2
28783,2
28784,2
28785,2
28786,1
28787,1
28788,1
28789,1
28790,1
28791,1
28792,0
28793,0
28794,0
28795,0
28796,0
28797,0
28798,1
28799,1
28800,1
28801,1
28802,1
28803,1
28804,1
28805,1
28806,1
28807,1
28808,0
28809,0
28810,0
28811,0
28812,0
28813,0
28814,0
28815,0
28816,0
28817,0
28818,0
28819,0
28820,0
28821,0
28822,0
28823,0
28824,0
28825,0
28826,0
28827,2
28828,2
28829,2
28830,2
28831,0
28832,0
28833,0
28834,1
28835,1
28836,1
28837,1
28838,1
28839,1
28840,1
28841,1
28842,1
28843,1
28844,1
28845,2
28846,2
28847,2
28848,2
28849,0
28850,0
28851,0
28852,0
28853,0
28854,0
28855,0
28856,0
28857,1
28858,1
28859,1
28860,1
28861,0
28862,0
28863,0
28864,0
28865,0
28866,0
28867,0
28868,0
28869,0
28870,0
28871,0
28872,0
28873,0
28874,0
28875,2
28876,2
28877,0
28878,0
28879,0
28880,0
28881,0
28882,0
28883,0
28884,0
28885,0
28886,2
28887,2
28888,0
28889,0
28890,0
28891,0
28892,0
28893,0
28894,0
28895,0
28896,0
28897,0
28898,0
28899,0
28900,0
28901,0
28902,0
28903,0
28904,2
28905,2
28906,0
28907,0
28908,0
28909,0
28910,1
28911,1
28912,1
28913,1
28914,1
28915,1
28916,0
28917,0
28918,0
28919,0
28920,0
28921,0
28922,0
28923,0
28924,0
28925,0
28926,0
28927,0
28928,1
28929,1
28930,1
28931,1
28932,1
28933,0
28934,0
28935,0
28936,0
28937,0
28938,0
28939,0
28940,0
28941,1
28942,1
28943,1
28944,1
28945,1
28946,1
28947,2
28948,2
28949,2
28950,2
28951,1
28952,1
28953,1
28954,1
28955,1
28956,1
28957,0
28958,0
28959,0
28960,1
28961,1
28962,1
28963,1
28964,1
28965,1
28966,0
28967,0
28968,0
28969,0
28970,0
28971,0
28972,0
28973,0
28974,0
28975,0
28976,0
28977,0
28978,0
28979,0
28980,0
28981,0
28982,0
28983,0
28984,0
28985,0
28986,0
28987,0
28988,0
28989,0
28990,0
28991,2
28992,2
28993,0
28994,0
28995,0
28996,0
28997,1
28998,1
28999,1
29000,1
29001,1
29002,0
29003,0
29004,0
29005,0
29006,0
29007,0
29008,0
29009,0
29010,0
29011,0
29012,0
29013,0
29014,0
29015,0
29016,0
29017,0
29018,0
29019,0
29020,0
29021,0
29022,0
29023,0
29024,0
29025,0
29026,0
29027,0
29028,0
29029,0
29030,0
29031,0
29032,0
29033,0
29034,0
29035,0
29036,0
29037,0
29038,1
29039,1
29040,1
29041,1
29042,0
29043,0
29044,0
29045,0
29046,0
29047,1
29048,1
29049,1
29050,1
29051,0
29052,0
29053,0
29054,0
29055,0
29056,0
29057,2
29058,2
29059,2
29060,2
29061,0
29062,0
29063,0
29064,0
29065,2
29066,2
29067,0
29068,0
29069,0
29070,0
29071,0
29072,1
29073,1
29074,1
29075,1
29076,1
29077,1
29078,1
29079,1
29080,1
29081,1
29082,1
29083,0
29084,0
29085,0
29086,0
29087,0
29088,0
29089,0
29090,0
29091,1
29092,1
29093,1
29094,1
29095,0
29096,0
29097,0
29098,0
29099,0
29100,1
29101,1
29102,1
29103,1
29104,1
29105,1
29106,0
29107,0
29108,0
29109,0
29110,0
29111,0
29112,0
29113,0
29114,0
29115,0
29116,0
29117,0
29118,0
29119,0
29120,0
29121,0
29122,0
29123,0
29124,0
29125,0
29126,0
29127,2
29128,2
29129,2
29130,0
29131,0
29132,0
29133,0
29134,0
29135,0
29136,0
29137,0
29138,0
29139,1
29140,1
29141,1
29142,1
29143,1
29144,1
29145,1
29146,1
29147,0
29148,0
29149,0
29150,0
29151,0
29152,0
29153,0
29154,0
29155,0
29156,0
29157,0
29158,0
29159,0
29160,0
29161,0
29162,0
29163,0
29164,0
29165,0
29166,0
29167,0
29168,0
29169,0
29170,0
29171,0
29172,0
29173,0
29174,0
29175,0
29176,0
29177,1
29178,1
29179,1
29180,1
29181,0
29182,0
29183,0
29184,0
29185,0
29186,1
29187,1
29188,1
29189,1
29190,1
29191,1
29192,0
29193,0
29194,0
29195,0
29196,1
29197,1
29198,1
29199,1
29200,2
29201,2
29202,2
29203,0
29204,0
29205,0
29206,0
29207,0
29208,0
29209,0
29210,0
29211,0
29212,0
29213,0
29214,0
29215,0
29216,0
29217,0
29218,0
29219,0
29220,0
29221,0
29222,0
29223,0
29224,0
29225,0
29226,0
29227,0
29228,0
29229,0
29230,0
29231,0
29232,0
29233,0
29234,0
29235,0
29236,0
29237,0
29238,0
29239,0
29240,1
29241,1
29242,1
29243,1
29244,1
29245,1
29246,0
29247,0
29248,0
29249,0
29250,0
29251,0
29252,0
29253,0
29254,0
29255,0
29256,0
29257,0
29258,0
29259,1
29260,1
29261,1
29262,1
29263,1
29264,0
29265,0
29266,0
29267,0
29268,0
29269,0
29270,0
29271,0
29272,0
29273,0
29274,0
29275,0
29276,0
29277,0
29278,0
29279,1
29280,1
29281,1
29282,1
29283,1
29284,1
29285,0
29286,0
29287,0
29288,0
29289,0
29290,1
29291,1
29292,1
29293,1
29294,0
29295,0
29296,0
29297,0
29298,0
29299,0
29300,0
29301,0
29302,0
29303,0
29304,0
29305,0
29306,0
29307,0
29308,0
29309,0
29310,0
29311,0
29312,0
29313,0
29314,0
29315,0
29316,0
29317,0
29318,0
29319,0
29320,2
29321,2
29322,2
29323,2
29324,0
29325,0
29326,0
29327,0
29328,0
29329,0
29330,0
29331,0
29332,0
29333,0
29334,0
29335,1
29336,1
29337,1
29338,2
29339,2
29340,2
29341,0
29342,0
29343,0
29344,0
29345,0
29346,0
29347,0
29348,0
29349,0
29350,0
29351,0
29352,0
29353,0
29354,0
29355,0
29356,0
29357,0
29358,0
29359,0
29360,0
29361,0
29362,0
29363,0
29364,0
29365,0
29366,0
29367,1
29368,1
29369,1
29370,1
29371,1
29372,0
29373,0
29374,0
29375,0
29376,1
29377,1
29378,1
29379,1
29380,1
29381,0
29382,0
29383,0
29384,0
29385,0
29386,0
29387,0
29388,0
29389,0
29390,0
29391,1
29392,1
29393,1
29394,1
29395,1
29396,1
29397,1
29398,1
29399,1
29400,1
29401,1
29402,1
29403,2
29404,2
29405,0
29406,0
29407,0
29408,2
29409,2
29410,2
29411,2
29412,0
29413,0
29414,0
29415,1
29416,1
29417,1
29418,1
29419,0
29420,0
29421,0
29422,0
29423,0
29424,0
29425,0
29426,0
29427,0
29428,0
29429,0
29430,0
29431,0
29432,1
29433,1
29434,1
29435,1
29436,1
29437,0
29438,0
29439,0
29440,0
29441,0
29442,0
29443,0
29444,0
29445,0
29446,2
29447,2
29448,0
29449,0
29450,0
29451,0
29452,0
29453,0
29454,0
29455,0
29456,0
29457,0
29458,0
29459,0
29460,0
29461,0
29462,0
29463,0
29464,1
29465,1
29466,1
29467,1
29468,0
29469,0
29470,0
29471,1
29472,1
29473,1
29474,1
29475,1
29476,1
29477,0
29478,0
29479,0
29480,0
29481,0
29482,0
29483,0
29484,0
29485,0
29486,0
29487,0
29488,2
29489,2
29490,2
29491,0
29492,0
29493,0
29494,0
29495,1
29496,1
29497,1
29498,1
29499,0
29500,0
29501,0
29502,0
29503,0
29504,0
29505,0
29506,0
29507,0
29508,0
29509,0
29510,0
29511,2
29512,2
29513,2
29514,0
29515,0
29516,0
29517,0
29518,0
29519,0
29520,0
29521,0
29522,1
29523,1
29524,1
29525,1
29526,0
29527,0
29528,0
29529,0
29530,0
29531,0
29532,0
29533,0
29534,0
29535,0
29536,0
29537,0
29538,0
29539,0
29540,0
29541,1
29542,1
29543,1
29544,1
29545,1
29546,0
29547,0
29548,0
29549,0
29550,1
29551,1
29552,1
29553,1
29554,1
29555,0
29556,0
29557,0
29558,0
29559,0
29560,1
29561,1
29562,1
29563,1
29564,0
29565,0
29566,0
29567,0
29568,0
29569,0
29570,0
29571,0
29572,0
29573,0
29574,0
29575,0
29576,0
29577,0
29578,0
29579,0
29580,0
29581,1
29582,1
29583,1
29584,1
29585,1
29586,1
29587,1
29588,1
29589,1
29590,1
29591,1
29592,1
29593,0
29594,0
29595,0
29596,0
29597,0
29598,0
29599,0
29600,0
29601,0
29602,0
29603,0
29604,2
29605,2
29606,2
29607,0
29608,0
29609,0
29610,0
29611,0
29612,1
29613,1
29614,1
29615,1
29616,1
29617,1
29618,0
29619,0
29620,0
29621,0
29622,0
29623,0
29624,0
29625,0
29626,0
29627,0
29628,0
29629,0
29630,0
29631,0
29632,0
29633,0
29634,1
29635,1
29636,1
29637,1
29638,1
29639,1
29640,0
29641,0
29642,0
29643,0
29644,0
29645,0
29646,0
29647,0
29648,0
29649,0
29650,0
29651,0
29652,0
29653,0
29654,0
29655,0
29656,0
29657,0
29658,0
29659,0
29660,0
29661,0
29662,0
29663,0
29664,0
29665,1
29666,1
29667,1
29668,1
29669,1
29670,0
29671,0
29672,0
29673,0
29674,1
29675,1
29676,1
29677,1
29678,1
29679,0
29680,0
29681,0
29682,2
29683,2
29684,2
29685,1
29686,1
29687,1
29688,1
29689,1
29690,0
29691,0
29692,0
29693,0
29694,0
29695,0
29696,0
29697,0
29698,0
29699,0
29700,0
29701,0
29702,0
29703,0
29704,0
29705,0
29706,0
29707,0
29708,0
29709,0
29710,0
29711,0
29712,0
29713,0
29714,0
29715,0
29716,1
29717,1
29718,1
29719,1
29720,2
29721,2
29722,2
29723,2
29724,2
29725,0
29726,0
29727,0
29728,1
29729,1
29730,1
29731,1
29732,0
29733,0
29734,0
29735,0
29736,0
29737,0
29738,0
29739,0
29740,0
29741,0
29742,0
29743,0
29744,0
29745,0
29746,0
29747,0
29748,0
29749,0
29750,0
29751,0
29752,0
29753,0
29754,0
29755,0
29756,0
29757,0
29758,0
29759,2
29760,2
29761,2
29762,0
29763,0
29764,0
29765,0
29766,0
29767,0
29768,0
29769,0
29770,0
29771,0
29772,0
29773,1
29774,1
29775,1
29776,1
29777,1
29778,0
29779,0
29780,0
29781,0
29782,1
29783,1
29784,1
29785,2
29786,2
29787,2
29788,0
29789,0
29790,0
29791,0
29792,0
29793,0
29794,0
29795,2
29796,2
29797,2
29798,2
29799,0
29800,0
29801,0
29802,0
29803,0
29804,0
29805,0
29806,0
29807,0
29808,0
29809,0
29810,0
29811,0
29812,0
29813,0
29814,0
29815,0
29816,0
29817,0
29818,0
29819,0
29820,0
29821,0
29822,0
29823,0
29824,0
29825,0
29826,0
29827,0
29828,0
29829,0
29830,0
29831,0
29832,0
29833,0
29834,1
29835,1
29836,1
29837,1
29838,0
29839,0
29840,0
29841,0
29842,1
29843,1
29844,1
29845,1
29846,1
29847,1
29848,1
29849,1
29850,1
29851,2
29852,2
29853,0
29854,0
29855,0
29856,0
29857,0
29858,0
29859,0
29860,0
29861,0
29862,2
29863,2
29864,2
29865,2
29866,0
29867,0
29868,0
29869,1
29870,1
29871,1
29872,1
29873,1
29874,1
29875,0
29876,0
29877,0
29878,0
29879,0
29880,0
29881,0
29882,0
29883,0
29884,0
29885,0
29886,0
29887,0
29888,0
29889,0
29890,0
29891,0
29892,0
29893,0
29894,0
29895,0
29896,0
29897,0
29898,0
29899,0
29900,0
29901,0
29902,1
29903,1
29904,1
29905,1
29906,1
29907,1
29908,1
29909,1
29910,1
29911,1
29912,1
29913,1
29914,1
29915,1
29916,1
29917,1
29918,1
29919,1
29920,0
29921,0
29922,0
29923,0
29924,0
29925,0
29926,0
29927,0
29928,0
29929,0
29930,0
29931,0
29932,0
29933,0
29934,1
29935,1
29936,1
29937,1
29938,1
29939,1
29940,0
29941,0
29942,0
29943,0
29944,0
29945,0
29946,1
29947,1
29948,1
29949,1
29950,0
29951,0
29952,0
29953,0
29954,0
29955,0
29956,0
29957,1
29958,1
29959,1
29960,1
29961,1
29962,1
29963,1
29964,1
29965,1
29966,1
29967,1
29968,1
29969,1
29970,1
29971,0
29972,0
29973,0
29974,0
29975,0
29976,2
29977,2
29978,1
29979,1
29980,1
29981,1
29982,1
29983,0
29984,0
29985,0
29986,0
29987,0
29988,0
29989,0
29990,0
29991,0
29992,0
29993,0
29994,0
29995,0
29996,0
29997,0
29998,0
29999,0
30000,0
30001,0
30002,0
30003,0
30004,0
30005,0
30006,0
30007,0
30008,0
30009,0
30010,0
30011,0
30012,0
30013,0
30014,0
30015,0
30016,0
30017,0
30018,0
30019,0
30020,0
30021,0
30022,0
30023,0
30024,0
30025,0
30026,0
30027,0
30028,0
30029,0
30030,0
30031,0
30032,0
30033,0
30034,0
30035,0
30036,1
30037,1
30038,1
30039,1
30040,1
30041,1
30042,1
30043,1
30044,1
30045,1
30046,1
30047,1
30048,2
30049,2
30050,2
30051,2
30052,2
30053,0
30054,0
30055,0
30056,0
30057,0
30058,0
30059,0
30060,1
30061,1
30062,1
30063,1
30064,1
30065,1
30066,0
30067,0
30068,0
30069,0
30070,1
30071,1
30072,1
30073,1
30074,1
30075,0
30076,0
30077,0
30078,0
30079,0
30080,0
30081,0
30082,0
30083,0
30084,1
30085,1
30086,1
30087,1
30088,1
30089,1
30090,1
30091,1
30092,1
30093,1
30094,1
30095,0
30096,0
30097,0
30098,0
30099,0
30100,0
30101,0
30102,0
30103,0
30104,0
30105,0
30106,0
30107,0
30108,0
30109,0
30110,0
30111,0
30112,0
30113,0
30114,0
30115,0
30116,0
30117,1
30118,1
30119,1
30120,1
30121,1
30122,1
30123,0
30124,0
30125,0
30126,0
30127,0
30128,0
30129,0
30130,0
30131,0
30132,0
30133,0
30134,0
30135,0
30136,0
30137,0
30138,0
30139,0
30140,0
30141,0
30142,0
30143,0
30144,0
30145,2
30146,2
30147,0
30148,0
30149,0
30150,1
30151,1
30152,1
30153,1
30154,0
30155,0
30156,0
30157,1
30158,1
30159,1
30160,1
30161,0
30162,0
30163,0
30164,0
30165,2
30166,2
30167,2
30168,0
30169,0
30170,0
30171,1
30172,1
30173,1
30174,1
30175,0
30176,0
30177,0
30178,0
30179,0
30180,1
30181,1
30182,1
30183,1
30184,1
30185,2
30186,2
30187,0
30188,0
30189,0
30190,0
30191,0
30192,0
30193,0
30194,1
30195,1
30196,1
30197,1
30198,1
30199,0
30200,0
30201,0
30202,0
30203,0
30204,0
30205,0
30206,0
30207,0
30208,0
30209,0
30210,0
30211,0
30212,0
30213,0
30214,1
30215,1
30216,1
30217,1
30218,0
30219,0
30220,0
30221,0
30222,0
30223,0
30224,0
30225,0
30226,0
30227,0
30228,0
30229,0
30230,0
30231,0
30232,0
30233,0
30234,0
30235,0
30236,0
30237,0
30238,0
30239,1
30240,1
30241,1
30242,1
30243,1
30244,0
30245,0
30246,0
30247,0
30248,0
30249,0
30250,0
30251,1
30252,1
30253,1
30254,1
30255,1
30256,1
30257,0
30258,0
30259,0
30260,0
30261,0
30262,0
30263,0
30264,0
30265,0
30266,0
30267,0
30268,0
30269,0
30270,0
30271,0
30272,0
30273,0
30274,0
30275,0
30276,0
30277,0
30278,0
30279,1
30280,1
30281,1
30282,0
30283,0
30284,0
30285,0
30286,0
30287,2
30288,2
30289,0
30290,0
30291,0
30292,1
30293,1
30294,1
30295,1
30296,1
30297,0
30298,0
30299,0
30300,0
30301,0
30302,0
30303,0
30304,0
30305,0
30306,0
30307,0
30308,0
30309,0
30310,0
30311,0
30312,0
30313,0
30314,0
30315,0
30316,0
30317,1
30318,1
30319,1
30320,1
30321,1
30322,1
30323,0
30324,0
30325,0
30326,0
30327,1
30328,1
30329,1
30330,1
30331,0
30332,0
30333,0
30334,0
30335,0
30336,0
30337,0
30338,0
30339,0
30340,1
30341,1
30342,1
30343,1
30344,1
30345,0
30346,0
30347,0
30348,0
30349,0
30350,0
30351,0
30352,0
30353,0
30354,0
30355,0
30356,1
30357,1
30358,1
30359,0
30360,0
30361,0
30362,0
30363,0
30364,0
30365,0
30366,0
30367,1
30368,1
30369,1
30370,1
30371,0
30372,0
30373,0
30374,0
30375,0
30376,0
30377,0
30378,0
30379,0
30380,0
30381,0
30382,0
30383,0
30384,0
30385,0
30386,0
30387,0
30388,0
30389,0
30390,0
30391,0
30392,0
30393,0
30394,0
30395,0
30396,1
30397,1
30398,1
30399,1
30400,1
30401,1
30402,0
30403,0
30404,0
30405,0
30406,0
30407,0
30408,0
30409,0
30410,0
30411,0
30412,0
30413,0
30414,0
30415,0
30416,0
30417,0
30418,0
30419,0
30420,0
30421,0
30422,2
30423,2
30424,2
30425,0
30426,0
30427,0
30428,0
30429,0
30430,0
30431,0
30432,0
30433,1
30434,1
30435,1
30436,1
30437,1
30438,1
30439,1
30440,1
30441,1
30442,0
30443,0
30444,0
30445,0
30446,0
30447,0
30448,0
30449,0
30450,0
30451,0
30452,0
30453,0
30454,0
30455,0
30456,1
30457,1
30458,1
30459,1
30460,1
30461,1
30462,2
30463,2
30464,2
30465,0
30466,0
30467,0
30468,0
30469,0
30470,0
30471,0
30472,0
30473,2
30474,2
30475,2
30476,2
30477,0
30478,0
30479,0
30480,0
30481,0
30482,0
30483,0
30484,1
30485,1
30486,1
30487,1
30488,0
30489,0
30490,0
30491,0
30492,0
30493,0
30494,0
30495,0
30496,0
30497,0
30498,0
30499,0
30500,0
30501,0
30502,0
30503,0
30504,0
30505,1
30506,1
30507,1
30508,1
30509,1
30510,0
30511,0
30512,0
30513,0
30514,1
30515,1
30516,1
30517,1
30518,2
30519,2
30520,2
30521,2
30522,2
30523,2
30524,2
30525,2
30526,0
30527,0
30528,0
30529,1
30530,1
30531,1
30532,1
30533,1
30534,0
30535,0
30536,0
30537,0
30538,0
30539,0
30540,0
30541,0
30542,0
30543,1
30544,1
30545,1
30546,1
30547,1
30548,1
30549,0
30550,0
30551,0
30552,0
30553,0
30554,0
30555,2
30556,2
30557,0
30558,0
30559,0
30560,2
30561,2
30562,2
30563,2
30564,0
30565,0
30566,0
30567,0
30568,0
30569,0
30570,0
30571,0
30572,1
30573,1
30574,1
30575,1
30576,2
30577,2
30578,0
30579,0
30580,0
30581,0
30582,0
30583,0
30584,0
30585,0
30586,0
30587,0
30588,0
30589,2
30590,2
30591,2
30592,0
30593,0
30594,0
30595,0
30596,0
30597,0
30598,0
30599,0
30600,0
30601,0
30602,0
30603,0
30604,0
30605,0
30606,1
30607,1
30608,1
30609,1
30610,1
30611,1
30612,1
30613,1
30614,1
30615,1
30616,1
30617,1
30618,1
30619,1
30620,1
30621,1
30622,1
30623,0
30624,0
30625,0
30626,0
30627,2
30628,2
30629,2
30630,1
30631,1
30632,1
30633,1
30634,1
30635,0
30636,0
30637,0
30638,0
30639,0
30640,0
30641,0
30642,0
30643,0
30644,0
30645,0
30646,0
30647,0
30648,0
30649,0
30650,2
30651,2
30652,2
30653,2
30654,0
30655,0
30656,0
30657,0
30658,0
30659,0
30660,0
30661,0
30662,0
30663,0
30664,1
30665,1
30666,1
30667,1
30668,1
30669,1
30670,1
30671,1
30672,1
30673,1
30674,1
30675,1
30676,1
30677,1
30678,1
30679,0
30680,0
30681,0
30682,0
30683,1
30684,1
30685,1
30686,1
30687,1
30688,1
30689,2
30690,2
30691,0
30692,0
30693,0
30694,0
30695,0
30696,0
30697,0
30698,0
30699,0
30700,2
30701,2
30702,2
30703,2
30704,0
30705,0
30706,0
30707,0
30708,0
30709,0
30710,0
30711,0
30712,0
30713,0
30714,0
30715,0
30716,0
30717,1
30718,1
30719,1
30720,1
30721,0
30722,0
30723,0
30724,0
30725,0
30726,0
30727,0
30728,0
30729,0
30730,0
30731,1
30732,1
30733,1
30734,1
30735,2
30736,2
30737,0
30738,0
30739,0
30740,0
30741,0
30742,0
30743,0
30744,0
30745,0
30746,0
30747,1
30748,1
30749,1
30750,1
30751,0
30752,0
30753,0
30754,0
30755,0
30756,0
30757,0
30758,0
30759,0
30760,0
30761,0
30762,0
30763,0
30764,1
30765,1
30766,1
30767,1
30768,0
30769,0
30770,0
30771,0
30772,0
30773,1
30774,1
30775,1
30776,1
30777,1
30778,0
30779,0
30780,0
30781,0
30782,0
30783,0
30784,0
30785,1
30786,1
30787,1
30788,1
30789,1
30790,1
30791,0
30792,0
30793,0
30794,0
30795,0
30796,0
30797,0
30798,0
30799,0
30800,0
30801,0
30802,0
30803,0
30804,0
30805,0
30806,0
30807,0
30808,0
30809,0
30810,0
30811,0
30812,0
30813,0
30814,0
30815,0
30816,0
30817,0
30818,0
30819,0
30820,0
30821,0
30822,0
30823,0
30824,1
30825,1
30826,1
30827,1
30828,0
30829,0
30830,0
30831,0
30832,0
30833,0
30834,0
30835,0
30836,0
30837,0
30838,0
30839,0
30840,0
30841,0
30842,0
30843,0
30844,0
30845,0
30846,0
30847,0
30848,0
30849,0
30850,0
30851,0
30852,0
30853,0
30854,0
30855,0
30856,0
30857,0
30858,0
30859,0
30860,0
30861,0
30862,0
30863,0
30864,1
30865,1
30866,1
30867,1
30868,1
30869,0
30870,0
30871,0
30872,2
30873,2
30874,2
30875,2
30876,0
30877,0
30878,0
30879,0
30880,0
30881,0
30882,0
30883,0
30884,0
30885,0
30886,1
30887,1
30888,1
30889,1
30890,0
30891,0
30892,0
30893,0
30894,0
30895,2
30896,2
30897,2
30898,0
30899,0
30900,0
30901,0
30902,1
30903,1
30904,1
30905,1
30906,1
30907,0
30908,0
30909,0
30910,0
30911,0
30912,0
30913,0
30914,0
30915,0
30916,0
30917,1
30918,1
30919,1
30920,1
30921,0
30922,0
30923,0
30924,0
30925,0
30926,0
30927,0
30928,0
30929,0
30930,0
30931,0
30932,0
30933,0
30934,0
30935,0
30936,0
30937,0
30938,0
30939,0
30940,1
30941,1
30942,1
30943,1
30944,1
30945,1
30946,2
30947,2
30948,2
30949,0
30950,0
30951,0
30952,0
30953,0
30954,0
30955,0
30956,2
30957,2
30958,2
30959,0
30960,0
30961,0
30962,0
30963,0
30964,0
30965,0
30966,0
30967,0
30968,0
30969,1
30970,1
30971,1
30972,1
30973,0
30974,0
30975,0
30976,0
30977,0
30978,0
30979,0
30980,0
30981,0
30982,0
30983,0
30984,0
30985,0
30986,0
30987,0
30988,0
30989,0
30990,0
30991,0
30992,0
30993,0
30994,1
30995,1
30996,1
30997,1
30998,1
30999,1
31000,1
31001,1
31002,1
31003,0
31004,0
31005,0
31006,0
31007,0
31008,0
31009,0
31010,0
31011,0
31012,0
31013,0
31014,0
31015,0
31016,0
31017,0
31018,0
31019,0
31020,0
31021,0
31022,0
31023,0
31024,0
31025,0
31026,0
31027,0
31028,0
31029,0
31030,0
31031,0
31032,0
31033,0
31034,0
31035,1
31036,1
31037,1
31038,1
31039,1
31040,0
31041,0
31042,0
31043,0
31044,0
31045,0
31046,0
31047,0
31048,0
31049,0
31050,0
31051,0
31052,0
31053,0
31054,0
31055,0
31056,0
31057,0
31058,0
31059,0
31060,0
31061,0
31062,0
31063,0
31064,0
31065,0
31066,0
31067,0
31068,0
31069,0
31070,0
31071,0
31072,0
31073,0
31074,0
31075,1
31076,1
31077,1
31078,1
31079,1
31080,0
31081,0
31082,0
31083,2
31084,2
31085,2
31086,2
31087,1
31088,1
31089,1
31090,1
31091,1
31092,1
31093,1
31094,1
31095,1
31096,1
31097,1
31098,0
31099,0
31100,0
31101,0
31102,0
31103,2
31104,2
31105,2
31106,0
31107,0
31108,0
31109,0
31110,0
31111,0
31112,0
31113,0
31114,0
31115,0
31116,0
31117,0
31118,0
31119,0
31120,0
31121,1
31122,1
31123,1
31124,1
31125,1
31126,1
31127,0
31128,0
31129,0
31130,0
31131,0
31132,0
31133,0
31134,0
31135,0
31136,0
31137,0
31138,0
31139,0
31140,0
31141,1
31142,1
31143,1
31144,1
31145,0
31146,0
31147,0
31148,2
31149,2
31150,2
31151,2
31152,0
31153,0
31154,0
31155,0
31156,0
31157,0
31158,0
31159,0
31160,0
31161,0
31162,0
31163,0
31164,0
31165,0
31166,0
31167,1
31168,1
31169,1
31170,1
31171,1
31172,1
31173,2
31174,2
31175,2
31176,2
31177,0
31178,0
31179,0
31180,0
31181,0
31182,0
31183,0
31184,0
31185,0
31186,0
31187,0
31188,0
31189,0
31190,2
31191,2
31192,0
31193,0
31194,0
31195,0
31196,0
31197,0
31198,0
31199,0
31200,0
31201,0
31202,0
31203,0
31204,0
31205,0
31206,0
31207,0
31208,0
31209,0
31210,0
31211,0
31212,0
31213,0
31214,1
31215,1
31216,1
31217,1
31218,1
31219,0
31220,0
31221,0
31222,0
31223,0
31224,0
31225,0
31226,0
31227,1
31228,1
31229,1
31230,1
31231,1
31232,1
31233,1
31234,1
31235,1
31236,1
31237,1
31238,1
31239,0
31240,0
31241,0
31242,0
31243,0
31244,0
31245,0
31246,0
31247,1
31248,1
31249,1
31250,1
31251,0
31252,0
31253,0
31254,0
31255,0
31256,0
31257,0
31258,0
31259,0
31260,0
31261,0
31262,0
31263,0
31264,0
31265,0
31266,0
31267,0
31268,0
31269,0
31270,0
31271,0
31272,0
31273,0
31274,0
31275,0
31276,0
31277,1
31278,1
31279,1
31280,1
31281,1
31282,0
31283,0
31284,0
31285,0
31286,0
31287,0
31288,0
31289,0
31290,0
31291,1
31292,1
31293,1
31294,1
31295,1
31296,0
31297,0
31298,0
31299,0
31300,0
31301,2
31302,2
31303,2
31304,1
31305,1
31306,1
31307,1
31308,1
31309,0
31310,0
31311,0
31312,0
31313,1
31314,1
31315,1
31316,1
31317,1
31318,0
31319,0
31320,0
31321,0
31322,0
31323,0
31324,0
31325,0
31326,0
31327,0
31328,0
31329,0
31330,0
31331,0
31332,0
31333,0
31334,0
31335,0
31336,0
31337,0
31338,0
31339,0
31340,0
31341,0
31342,0
31343,1
31344,1
31345,1
31346,1
31347,1
31348,1
31349,1
31350,1
31351,1
31352,1
31353,2
31354,2
31355,2
31356,0
31357,0
31358,0
31359,0
31360,0
31361,0
31362,0
31363,0
31364,0
31365,0
31366,0
31367,0
31368,0
31369,0
31370,0
31371,0
31372,0
31373,0
31374,0
31375,0
31376,0
31377,0
31378,0
31379,0
31380,0
31381,0
31382,0
31383,0
31384,0
31385,0
31386,0
31387,0
31388,1
31389,1
31390,1
31391,1
31392,0
31393,0
31394,0
31395,0
31396,0
31397,0
31398,0
31399,0
31400,1
31401,1
31402,1
31403,1
31404,1
31405,0
31406,0
31407,0
31408,0
31409,0
31410,0
31411,0
31412,0
31413,0
31414,0
31415,0
31416,0
31417,0
31418,0
31419,0
31420,0
31421,0
31422,0
31423,0
31424,0
31425,0
31426,0
31427,0
31428,0
31429,0
31430,0
31431,0
31432,0
31433,0
31434,0
31435,0
31436,0
31437,0
31438,0
31439,0
31440,0
31441,0
31442,0
31443,0
31444,0
31445,0
31446,0
31447,1
31448,1
31449,1
31450,1
31451,0
31452,0
31453,0
31454,0
31455,0
31456,0
31457,0
31458,0
31459,0
31460,0
31461,0
31462,0
31463,0
31464,0
31465,0
31466,0
31467,0
31468,0
31469,0
31470,0
31471,0
31472,0
31473,0
31474,0
31475,0
31476,0
31477,0
31478,1
31479,1
31480,1
31481,1
31482,1
31483,1
31484,0
31485,0
31486,0
31487,0
31488,0
31489,0
31490,0
31491,0
31492,1
31493,1
31494,1
31495,1
31496,1
31497,1
31498,0
31499,0
31500,0
31501,1
31502,0
31503,1
31504,1
31505,1
31506,1
31507,1
31508,1
31509,1
31510,0
31511,0
31512,0
31513,0
31514,0
31515,0
31516,0
31517,0
31518,0
31519,0
31520,0
31521,0
31522,0
31523,0
31524,0
31525,0
31526,0
31527,1
31528,1
31529,1
31530,1
31531,1
31532,0
31533,0
31534,0
31535,0
31536,0
31537,2
31538,2
31539,2
31540,2
31541,0
31542,0
31543,0
31544,0
31545,0
31546,0
31547,0
31548,0
31549,0
31550,0
31551,1
31552,1
31553,1
31554,1
31555,1
31556,0
31557,0
31558,0
31559,0
31560,0
31561,0
31562,0
31563,0
31564,1
31565,1
31566,1
31567,1
31568,1
31569,1
31570,0
31571,0
31572,0
31573,0
31574,0
31575,1
31576,1
31577,1
31578,1
31579,1
31580,1
31581,1
31582,1
31583,1
31584,0
31585,0
31586,0
31587,0
31588,0
31589,0
31590,0
31591,0
31592,0
31593,0
31594,0
31595,0
31596,0
31597,0
31598,1
31599,1
31600,1
31601,1
31602,0
31603,0
31604,0
31605,0
31606,0
31607,0
31608,0
31609,0
31610,0
31611,0
31612,0
31613,0
31614,0
31615,0
31616,0
31617,0
31618,0
31619,0
31620,0
31621,0
31622,0
31623,0
31624,0
31625,0
31626,0
31627,0
31628,2
31629,2
31630,2
31631,1
31632,1
31633,1
31634,1
31635,1
31636,1
31637,0
31638,0
31639,0
31640,0
31641,0
31642,0
31643,0
31644,0
31645,0
31646,1
31647,1
31648,1
31649,1
31650,1
31651,2
31652,2
31653,2
31654,2
31655,2
31656,2
31657,2
31658,0
31659,0
31660,0
31661,0
31662,0
31663,0
31664,0
31665,0
31666,0
31667,0
31668,0
31669,0
31670,0
31671,0
31672,0
31673,0
31674,0
31675,0
31676,0
31677,0
31678,0
31679,0
31680,0
31681,0
31682,0
31683,0
31684,2
31685,2
31686,2
31687,0
31688,0
31689,0
31690,0
31691,0
31692,0
31693,0
31694,0
31695,2
31696,2
31697,0
31698,0
31699,0
31700,0
31701,0
31702,0
31703,0
31704,0
31705,1
31706,1
31707,1
31708,1
31709,1
31710,1
31711,2
31712,2
31713,2
31714,0
31715,0
31716,0
31717,0
31718,0
31719,0
31720,0
31721,0
31722,0
31723,0
31724,0
31725,0
31726,0
31727,0
31728,0
31729,0
31730,0
31731,0
31732,0
31733,0
31734,0
31735,0
31736,0
31737,0
31738,0
31739,0
31740,0
31741,0
31742,0
31743,0
31744,0
31745,0
31746,0
31747,0
31748,0
31749,0
31750,0
31751,0
31752,0
31753,0
31754,0
31755,0
31756,1
31757,1
31758,1
31759,1
31760,0
31761,0
31762,0
31763,0
31764,0
31765,0
31766,0
31767,0
31768,1
31769,1
31770,1
31771,1
31772,0
31773,0
31774,0
31775,0
31776,0
31777,0
31778,0
31779,0
31780,0
31781,0
31782,0
31783,0
31784,0
31785,0
31786,0
31787,0
31788,0
31789,0
31790,1
31791,1
31792,1
31793,1
31794,1
31795,1
31796,0
31797,0
31798,0
31799,0
31800,0
31801,0
31802,0
31803,0
31804,0
31805,0
31806,0
31807,0
31808,0
31809,0
31810,0
31811,0
31812,0
31813,0
31814,0
31815,0
31816,0
31817,0
31818,0
31819,0
31820,0
31821,0
31822,0
31823,1
31824,1
31825,1
31826,1
31827,1
31828,0
31829,0
31830,0
31831,0
31832,0
31833,0
31834,0
31835,0
31836,0
31837,0
31838,0
31839,1
31840,1
31841,1
31842,1
31843,1
31844,1
31845,1
31846,1
31847,1
31848,1
31849,1
31850,1
31851,1
31852,1
31853,1
31854,1
31855,1
31856,0
31857,0
31858,0
31859,0
31860,2
31861,2
31862,0
31863,0
31864,0
31865,1
31866,1
31867,1
31868,1
31869,1
31870,0
31871,0
31872,0
31873,0
31874,0
31875,0
31876,0
31877,0
31878,0
31879,0
31880,0
31881,0
31882,0
31883,0
31884,0
31885,0
31886,0
31887,0
31888,0
31889,0
31890,0
31891,0
31892,0
31893,0
31894,0
31895,0
31896,0
31897,0
31898,0
31899,0
31900,0
31901,0
31902,0
31903,0
31904,0
31905,0
31906,0
31907,0
31908,0
31909,0
31910,2
31911,2
31912,2
31913,2
31914,0
31915,0
31916,0
31917,0
31918,0
31919,0
31920,0
31921,0
31922,1
31923,1
31924,1
31925,1
31926,1
31927,1
31928,1
31929,1
31930,1
31931,1
31932,0
31933,0
31934,0
31935,0
31936,0
31937,0
31938,0
31939,0
31940,0
31941,0
31942,0
31943,0
31944,0
31945,0
31946,1
31947,1
31948,1
31949,1
31950,1
31951,1
31952,0
31953,0
31954,0
31955,0
31956,0
31957,0
31958,0
31959,0
31960,0
31961,0
31962,0
31963,0
31964,0
31965,0
31966,0
31967,0
31968,0
31969,2
31970,2
31971,2
31972,0
31973,0
31974,0
31975,0
31976,0
31977,0
31978,0
31979,0
31980,0
31981,0
31982,0
31983,0
31984,1
31985,1
31986,1
31987,1
31988,0
31989,0
31990,0
31991,0
31992,0
31993,0
31994,0
31995,0
31996,2
31997,2
31998,0
31999,0
32000,0
32001,0
32002,0
32003,0
32004,0
32005,0
32006,0
32007,0
32008,0
32009,1
32010,1
32011,1
32012,1
32013,1
32014,1
32015,1
32016,1
32017,1
32018,1
32019,0
32020,0
32021,0
32022,1
32023,1
32024,1
32025,1
32026,1
32027,0
32028,0
32029,0
32030,0
32031,0
32032,0
32033,0
32034,0
32035,0
32036,0
32037,0
32038,0
32039,0
32040,1
32041,1
32042,1
32043,1
32044,1
32045,1
32046,1
32047,1
32048,1
32049,1
32050,1
32051,2
32052,2
32053,2
32054,0
32055,0
